INSERT INTO recommendation_car (recommendation_car_id, comment1, comment2, keyword, car_spec_id, exterior_color_id, interior_color_id) VALUES (1, '가족을 생각하는 당신을 위한 팰리세이드', '우리 아이들과 함께 타는 차는 항상 안전해야 한다고 생각해요', '가족', 32, 5, 2);
INSERT INTO recommendation_car (recommendation_car_id, comment1, comment2, keyword, car_spec_id, exterior_color_id, interior_color_id) VALUES (2, '가족을 생각하는 당신을 위한 팰리세이드', '우리 아이들과 함께 타는 차는 항상 안전해야 한다고 생각해요', '가족', 23, 2, 7);
INSERT INTO recommendation_car (recommendation_car_id, comment1, comment2, keyword, car_spec_id, exterior_color_id, interior_color_id) VALUES (3, '가족을 생각하는 당신을 위한 팰리세이드', '우리 아이들과 함께 타는 차는 항상 안전해야 한다고 생각해요', '가족', 12, 4, 9);
INSERT INTO recommendation_car (recommendation_car_id, comment1, comment2, keyword, car_spec_id, exterior_color_id, interior_color_id) VALUES (4, '가족을 생각하는 당신을 위한 팰리세이드', '우리 아이들과 함께 타는 차는 항상 안전해야 한다고 생각해요', '가족', 4, 3, 6);
INSERT INTO recommendation_car (recommendation_car_id, comment1, comment2, keyword, car_spec_id, exterior_color_id, interior_color_id) VALUES (5, '가족을 생각하는 당신을 위한 팰리세이드', '우리 아이들과 함께 타는 차는 항상 안전해야 한다고 생각해요', '가족', 5, 1, 5);

INSERT INTO recommendation_car_option (recommendation_car_option_id, option_id, recommendation_car_id) VALUES (1, 130, 1);
INSERT INTO recommendation_car_option (recommendation_car_option_id, option_id, recommendation_car_id) VALUES (2, 133, 1);
INSERT INTO recommendation_car_option (recommendation_car_option_id, option_id, recommendation_car_id) VALUES (3, 133, 2);
INSERT INTO recommendation_car_option (recommendation_car_option_id, option_id, recommendation_car_id) VALUES (4, 139, 2);
INSERT INTO recommendation_car_option (recommendation_car_option_id, option_id, recommendation_car_id) VALUES (5, 134, 3);
INSERT INTO recommendation_car_option (recommendation_car_option_id, option_id, recommendation_car_id) VALUES (6, 135, 3);
INSERT INTO recommendation_car_option (recommendation_car_option_id, option_id, recommendation_car_id) VALUES (7, 130, 4);
INSERT INTO recommendation_car_option (recommendation_car_option_id, option_id, recommendation_car_id) VALUES (8, 137, 4);
INSERT INTO recommendation_car_option (recommendation_car_option_id, option_id, recommendation_car_id) VALUES (9, 129, 5);
INSERT INTO recommendation_car_option (recommendation_car_option_id, option_id, recommendation_car_id) VALUES (10, 140, 5);

INSERT INTO recommendation (recommendation_id, age_group_id, life_style_id, description, recommendation_car_id) VALUES (1, 1, 1, NULL, 1);
INSERT INTO recommendation (recommendation_id, age_group_id, life_style_id, description, recommendation_car_id) VALUES (2, 1, 2, NULL, 2);
INSERT INTO recommendation (recommendation_id, age_group_id, life_style_id, description, recommendation_car_id) VALUES (3, 1, 3, NULL, 3);
INSERT INTO recommendation (recommendation_id, age_group_id, life_style_id, description, recommendation_car_id) VALUES (4, 1, 4, NULL, 4);
INSERT INTO recommendation (recommendation_id, age_group_id, life_style_id, description, recommendation_car_id) VALUES (5, 2, 1, NULL, 5);
INSERT INTO recommendation (recommendation_id, age_group_id, life_style_id, description, recommendation_car_id) VALUES (6, 2, 2, NULL, 1);
INSERT INTO recommendation (recommendation_id, age_group_id, life_style_id, description, recommendation_car_id) VALUES (7, 2, 3, NULL, 2);
INSERT INTO recommendation (recommendation_id, age_group_id, life_style_id, description, recommendation_car_id) VALUES (8, 2, 4, NULL, 3);
INSERT INTO recommendation (recommendation_id, age_group_id, life_style_id, description, recommendation_car_id) VALUES (9, 3, 1, NULL, 4);
INSERT INTO recommendation (recommendation_id, age_group_id, life_style_id, description, recommendation_car_id) VALUES (10, 3, 2, NULL, 5);
INSERT INTO recommendation (recommendation_id, age_group_id, life_style_id, description, recommendation_car_id) VALUES (11, 3, 3, NULL, 1);
INSERT INTO recommendation (recommendation_id, age_group_id, life_style_id, description, recommendation_car_id) VALUES (12, 3, 4, NULL, 2);
INSERT INTO recommendation (recommendation_id, age_group_id, life_style_id, description, recommendation_car_id) VALUES (13, 4, 1, NULL, 3);
INSERT INTO recommendation (recommendation_id, age_group_id, life_style_id, description, recommendation_car_id) VALUES (14, 4, 2, NULL, 4);
INSERT INTO recommendation (recommendation_id, age_group_id, life_style_id, description, recommendation_car_id) VALUES (15, 4, 3, NULL, 5);
INSERT INTO recommendation (recommendation_id, age_group_id, life_style_id, description, recommendation_car_id) VALUES (16, 4, 4, NULL, 1);

INSERT INTO recommendation_car_package (recommendation_car_package_id, package_id, recommendation_car_id) VALUES (1, 14, 1);
INSERT INTO recommendation_car_package (recommendation_car_package_id, package_id, recommendation_car_id) VALUES (2, 2, 2);
INSERT INTO recommendation_car_package (recommendation_car_package_id, package_id, recommendation_car_id) VALUES (3, 8, 2);
INSERT INTO recommendation_car_package (recommendation_car_package_id, package_id, recommendation_car_id) VALUES (4, 6, 3);
INSERT INTO recommendation_car_package (recommendation_car_package_id, package_id, recommendation_car_id) VALUES (5, 9, 3);
INSERT INTO recommendation_car_package (recommendation_car_package_id, package_id, recommendation_car_id) VALUES (6, 13, 4);
INSERT INTO recommendation_car_package (recommendation_car_package_id, package_id, recommendation_car_id) VALUES (7, 9, 4);
INSERT INTO recommendation_car_package (recommendation_car_package_id, package_id, recommendation_car_id) VALUES (8, 1, 5);
INSERT INTO recommendation_car_package (recommendation_car_package_id, package_id, recommendation_car_id) VALUES (9, 3, 5);

--
INSERT INTO custom_recommendation (custom_recommendation_id, driving_experience_id, family_members_id, car_purpose_id, personal_value_id, recommendation_car_id) VALUES (1, 1, 1, 1, 1, 1);
INSERT INTO custom_recommendation (custom_recommendation_id, driving_experience_id, family_members_id, car_purpose_id, personal_value_id, recommendation_car_id) VALUES (2, 1, 1, 1, 2, 2);
INSERT INTO custom_recommendation (custom_recommendation_id, driving_experience_id, family_members_id, car_purpose_id, personal_value_id, recommendation_car_id) VALUES (3, 1, 1, 1, 3, 3);
INSERT INTO custom_recommendation (custom_recommendation_id, driving_experience_id, family_members_id, car_purpose_id, personal_value_id, recommendation_car_id) VALUES (4, 1, 1, 1, 4, 4);
INSERT INTO custom_recommendation (custom_recommendation_id, driving_experience_id, family_members_id, car_purpose_id, personal_value_id, recommendation_car_id) VALUES (5, 1, 1, 2, 1, 5);
INSERT INTO custom_recommendation (custom_recommendation_id, driving_experience_id, family_members_id, car_purpose_id, personal_value_id, recommendation_car_id) VALUES (6, 1, 1, 2, 2, 1);
INSERT INTO custom_recommendation (custom_recommendation_id, driving_experience_id, family_members_id, car_purpose_id, personal_value_id, recommendation_car_id) VALUES (7, 1, 1, 2, 3, 2);
INSERT INTO custom_recommendation (custom_recommendation_id, driving_experience_id, family_members_id, car_purpose_id, personal_value_id, recommendation_car_id) VALUES (8, 1, 1, 2, 4, 3);
INSERT INTO custom_recommendation (custom_recommendation_id, driving_experience_id, family_members_id, car_purpose_id, personal_value_id, recommendation_car_id) VALUES (9, 1, 1, 3, 1, 4);
INSERT INTO custom_recommendation (custom_recommendation_id, driving_experience_id, family_members_id, car_purpose_id, personal_value_id, recommendation_car_id) VALUES (10, 1, 1, 3, 2, 5);
INSERT INTO custom_recommendation (custom_recommendation_id, driving_experience_id, family_members_id, car_purpose_id, personal_value_id, recommendation_car_id) VALUES (11, 1, 1, 3, 3, 1);
INSERT INTO custom_recommendation (custom_recommendation_id, driving_experience_id, family_members_id, car_purpose_id, personal_value_id, recommendation_car_id) VALUES (12, 1, 1, 3, 4, 2);
INSERT INTO custom_recommendation (custom_recommendation_id, driving_experience_id, family_members_id, car_purpose_id, personal_value_id, recommendation_car_id) VALUES (13, 1, 1, 4, 1, 3);
INSERT INTO custom_recommendation (custom_recommendation_id, driving_experience_id, family_members_id, car_purpose_id, personal_value_id, recommendation_car_id) VALUES (14, 1, 1, 4, 2, 4);
INSERT INTO custom_recommendation (custom_recommendation_id, driving_experience_id, family_members_id, car_purpose_id, personal_value_id, recommendation_car_id) VALUES (15, 1, 1, 4, 3, 5);
INSERT INTO custom_recommendation (custom_recommendation_id, driving_experience_id, family_members_id, car_purpose_id, personal_value_id, recommendation_car_id) VALUES (16, 1, 1, 4, 4, 1);
INSERT INTO custom_recommendation (custom_recommendation_id, driving_experience_id, family_members_id, car_purpose_id, personal_value_id, recommendation_car_id) VALUES (17, 1, 2, 1, 1, 2);
INSERT INTO custom_recommendation (custom_recommendation_id, driving_experience_id, family_members_id, car_purpose_id, personal_value_id, recommendation_car_id) VALUES (18, 1, 2, 1, 2, 3);
INSERT INTO custom_recommendation (custom_recommendation_id, driving_experience_id, family_members_id, car_purpose_id, personal_value_id, recommendation_car_id) VALUES (19, 1, 2, 1, 3, 4);
INSERT INTO custom_recommendation (custom_recommendation_id, driving_experience_id, family_members_id, car_purpose_id, personal_value_id, recommendation_car_id) VALUES (20, 1, 2, 1, 4, 5);
INSERT INTO custom_recommendation (custom_recommendation_id, driving_experience_id, family_members_id, car_purpose_id, personal_value_id, recommendation_car_id) VALUES (21, 1, 2, 2, 1, 1);
INSERT INTO custom_recommendation (custom_recommendation_id, driving_experience_id, family_members_id, car_purpose_id, personal_value_id, recommendation_car_id) VALUES (22, 1, 2, 2, 2, 2);
INSERT INTO custom_recommendation (custom_recommendation_id, driving_experience_id, family_members_id, car_purpose_id, personal_value_id, recommendation_car_id) VALUES (23, 1, 2, 2, 3, 3);
INSERT INTO custom_recommendation (custom_recommendation_id, driving_experience_id, family_members_id, car_purpose_id, personal_value_id, recommendation_car_id) VALUES (24, 1, 2, 2, 4, 4);
INSERT INTO custom_recommendation (custom_recommendation_id, driving_experience_id, family_members_id, car_purpose_id, personal_value_id, recommendation_car_id) VALUES (25, 1, 2, 3, 1, 5);
INSERT INTO custom_recommendation (custom_recommendation_id, driving_experience_id, family_members_id, car_purpose_id, personal_value_id, recommendation_car_id) VALUES (26, 1, 2, 3, 2, 1);
INSERT INTO custom_recommendation (custom_recommendation_id, driving_experience_id, family_members_id, car_purpose_id, personal_value_id, recommendation_car_id) VALUES (27, 1, 2, 3, 3, 2);
INSERT INTO custom_recommendation (custom_recommendation_id, driving_experience_id, family_members_id, car_purpose_id, personal_value_id, recommendation_car_id) VALUES (28, 1, 2, 3, 4, 3);
INSERT INTO custom_recommendation (custom_recommendation_id, driving_experience_id, family_members_id, car_purpose_id, personal_value_id, recommendation_car_id) VALUES (29, 1, 2, 4, 1, 4);
INSERT INTO custom_recommendation (custom_recommendation_id, driving_experience_id, family_members_id, car_purpose_id, personal_value_id, recommendation_car_id) VALUES (30, 1, 2, 4, 2, 5);
INSERT INTO custom_recommendation (custom_recommendation_id, driving_experience_id, family_members_id, car_purpose_id, personal_value_id, recommendation_car_id) VALUES (31, 1, 2, 4, 3, 1);
INSERT INTO custom_recommendation (custom_recommendation_id, driving_experience_id, family_members_id, car_purpose_id, personal_value_id, recommendation_car_id) VALUES (32, 1, 2, 4, 4, 2);
INSERT INTO custom_recommendation (custom_recommendation_id, driving_experience_id, family_members_id, car_purpose_id, personal_value_id, recommendation_car_id) VALUES (33, 1, 3, 1, 1, 3);
INSERT INTO custom_recommendation (custom_recommendation_id, driving_experience_id, family_members_id, car_purpose_id, personal_value_id, recommendation_car_id) VALUES (34, 1, 3, 1, 2, 4);
INSERT INTO custom_recommendation (custom_recommendation_id, driving_experience_id, family_members_id, car_purpose_id, personal_value_id, recommendation_car_id) VALUES (35, 1, 3, 1, 3, 5);
INSERT INTO custom_recommendation (custom_recommendation_id, driving_experience_id, family_members_id, car_purpose_id, personal_value_id, recommendation_car_id) VALUES (36, 1, 3, 1, 4, 1);
INSERT INTO custom_recommendation (custom_recommendation_id, driving_experience_id, family_members_id, car_purpose_id, personal_value_id, recommendation_car_id) VALUES (37, 1, 3, 2, 1, 2);
INSERT INTO custom_recommendation (custom_recommendation_id, driving_experience_id, family_members_id, car_purpose_id, personal_value_id, recommendation_car_id) VALUES (38, 1, 3, 2, 2, 3);
INSERT INTO custom_recommendation (custom_recommendation_id, driving_experience_id, family_members_id, car_purpose_id, personal_value_id, recommendation_car_id) VALUES (39, 1, 3, 2, 3, 4);
INSERT INTO custom_recommendation (custom_recommendation_id, driving_experience_id, family_members_id, car_purpose_id, personal_value_id, recommendation_car_id) VALUES (40, 1, 3, 2, 4, 5);
INSERT INTO custom_recommendation (custom_recommendation_id, driving_experience_id, family_members_id, car_purpose_id, personal_value_id, recommendation_car_id) VALUES (41, 1, 3, 3, 1, 1);
INSERT INTO custom_recommendation (custom_recommendation_id, driving_experience_id, family_members_id, car_purpose_id, personal_value_id, recommendation_car_id) VALUES (42, 1, 3, 3, 2, 2);
INSERT INTO custom_recommendation (custom_recommendation_id, driving_experience_id, family_members_id, car_purpose_id, personal_value_id, recommendation_car_id) VALUES (43, 1, 3, 3, 3, 3);
INSERT INTO custom_recommendation (custom_recommendation_id, driving_experience_id, family_members_id, car_purpose_id, personal_value_id, recommendation_car_id) VALUES (44, 1, 3, 3, 4, 4);
INSERT INTO custom_recommendation (custom_recommendation_id, driving_experience_id, family_members_id, car_purpose_id, personal_value_id, recommendation_car_id) VALUES (45, 1, 3, 4, 1, 5);
INSERT INTO custom_recommendation (custom_recommendation_id, driving_experience_id, family_members_id, car_purpose_id, personal_value_id, recommendation_car_id) VALUES (46, 1, 3, 4, 2, 1);
INSERT INTO custom_recommendation (custom_recommendation_id, driving_experience_id, family_members_id, car_purpose_id, personal_value_id, recommendation_car_id) VALUES (47, 1, 3, 4, 3, 2);
INSERT INTO custom_recommendation (custom_recommendation_id, driving_experience_id, family_members_id, car_purpose_id, personal_value_id, recommendation_car_id) VALUES (48, 1, 3, 4, 4, 3);
INSERT INTO custom_recommendation (custom_recommendation_id, driving_experience_id, family_members_id, car_purpose_id, personal_value_id, recommendation_car_id) VALUES (49, 1, 4, 1, 1, 4);
INSERT INTO custom_recommendation (custom_recommendation_id, driving_experience_id, family_members_id, car_purpose_id, personal_value_id, recommendation_car_id) VALUES (50, 1, 4, 1, 2, 5);
INSERT INTO custom_recommendation (custom_recommendation_id, driving_experience_id, family_members_id, car_purpose_id, personal_value_id, recommendation_car_id) VALUES (51, 1, 4, 1, 3, 1);
INSERT INTO custom_recommendation (custom_recommendation_id, driving_experience_id, family_members_id, car_purpose_id, personal_value_id, recommendation_car_id) VALUES (52, 1, 4, 1, 4, 2);
INSERT INTO custom_recommendation (custom_recommendation_id, driving_experience_id, family_members_id, car_purpose_id, personal_value_id, recommendation_car_id) VALUES (53, 1, 4, 2, 1, 3);
INSERT INTO custom_recommendation (custom_recommendation_id, driving_experience_id, family_members_id, car_purpose_id, personal_value_id, recommendation_car_id) VALUES (54, 1, 4, 2, 2, 4);
INSERT INTO custom_recommendation (custom_recommendation_id, driving_experience_id, family_members_id, car_purpose_id, personal_value_id, recommendation_car_id) VALUES (55, 1, 4, 2, 3, 5);
INSERT INTO custom_recommendation (custom_recommendation_id, driving_experience_id, family_members_id, car_purpose_id, personal_value_id, recommendation_car_id) VALUES (56, 1, 4, 2, 4, 1);
INSERT INTO custom_recommendation (custom_recommendation_id, driving_experience_id, family_members_id, car_purpose_id, personal_value_id, recommendation_car_id) VALUES (57, 1, 4, 3, 1, 2);
INSERT INTO custom_recommendation (custom_recommendation_id, driving_experience_id, family_members_id, car_purpose_id, personal_value_id, recommendation_car_id) VALUES (58, 1, 4, 3, 2, 3);
INSERT INTO custom_recommendation (custom_recommendation_id, driving_experience_id, family_members_id, car_purpose_id, personal_value_id, recommendation_car_id) VALUES (59, 1, 4, 3, 3, 4);
INSERT INTO custom_recommendation (custom_recommendation_id, driving_experience_id, family_members_id, car_purpose_id, personal_value_id, recommendation_car_id) VALUES (60, 1, 4, 3, 4, 5);
INSERT INTO custom_recommendation (custom_recommendation_id, driving_experience_id, family_members_id, car_purpose_id, personal_value_id, recommendation_car_id) VALUES (61, 1, 4, 4, 1, 1);
INSERT INTO custom_recommendation (custom_recommendation_id, driving_experience_id, family_members_id, car_purpose_id, personal_value_id, recommendation_car_id) VALUES (62, 1, 4, 4, 2, 2);
INSERT INTO custom_recommendation (custom_recommendation_id, driving_experience_id, family_members_id, car_purpose_id, personal_value_id, recommendation_car_id) VALUES (63, 1, 4, 4, 3, 3);
INSERT INTO custom_recommendation (custom_recommendation_id, driving_experience_id, family_members_id, car_purpose_id, personal_value_id, recommendation_car_id) VALUES (64, 1, 4, 4, 4, 4);
INSERT INTO custom_recommendation (custom_recommendation_id, driving_experience_id, family_members_id, car_purpose_id, personal_value_id, recommendation_car_id) VALUES (65, 2, 1, 1, 1, 5);
INSERT INTO custom_recommendation (custom_recommendation_id, driving_experience_id, family_members_id, car_purpose_id, personal_value_id, recommendation_car_id) VALUES (66, 2, 1, 1, 2, 1);
INSERT INTO custom_recommendation (custom_recommendation_id, driving_experience_id, family_members_id, car_purpose_id, personal_value_id, recommendation_car_id) VALUES (67, 2, 1, 1, 3, 2);
INSERT INTO custom_recommendation (custom_recommendation_id, driving_experience_id, family_members_id, car_purpose_id, personal_value_id, recommendation_car_id) VALUES (68, 2, 1, 1, 4, 3);
INSERT INTO custom_recommendation (custom_recommendation_id, driving_experience_id, family_members_id, car_purpose_id, personal_value_id, recommendation_car_id) VALUES (69, 2, 1, 2, 1, 4);
INSERT INTO custom_recommendation (custom_recommendation_id, driving_experience_id, family_members_id, car_purpose_id, personal_value_id, recommendation_car_id) VALUES (70, 2, 1, 2, 2, 5);
INSERT INTO custom_recommendation (custom_recommendation_id, driving_experience_id, family_members_id, car_purpose_id, personal_value_id, recommendation_car_id) VALUES (71, 2, 1, 2, 3, 1);
INSERT INTO custom_recommendation (custom_recommendation_id, driving_experience_id, family_members_id, car_purpose_id, personal_value_id, recommendation_car_id) VALUES (72, 2, 1, 2, 4, 2);
INSERT INTO custom_recommendation (custom_recommendation_id, driving_experience_id, family_members_id, car_purpose_id, personal_value_id, recommendation_car_id) VALUES (73, 2, 1, 3, 1, 3);
INSERT INTO custom_recommendation (custom_recommendation_id, driving_experience_id, family_members_id, car_purpose_id, personal_value_id, recommendation_car_id) VALUES (74, 2, 1, 3, 2, 4);
INSERT INTO custom_recommendation (custom_recommendation_id, driving_experience_id, family_members_id, car_purpose_id, personal_value_id, recommendation_car_id) VALUES (75, 2, 1, 3, 3, 5);
INSERT INTO custom_recommendation (custom_recommendation_id, driving_experience_id, family_members_id, car_purpose_id, personal_value_id, recommendation_car_id) VALUES (76, 2, 1, 3, 4, 1);
INSERT INTO custom_recommendation (custom_recommendation_id, driving_experience_id, family_members_id, car_purpose_id, personal_value_id, recommendation_car_id) VALUES (77, 2, 1, 4, 1, 2);
INSERT INTO custom_recommendation (custom_recommendation_id, driving_experience_id, family_members_id, car_purpose_id, personal_value_id, recommendation_car_id) VALUES (78, 2, 1, 4, 2, 3);
INSERT INTO custom_recommendation (custom_recommendation_id, driving_experience_id, family_members_id, car_purpose_id, personal_value_id, recommendation_car_id) VALUES (79, 2, 1, 4, 3, 4);
INSERT INTO custom_recommendation (custom_recommendation_id, driving_experience_id, family_members_id, car_purpose_id, personal_value_id, recommendation_car_id) VALUES (80, 2, 1, 4, 4, 5);
INSERT INTO custom_recommendation (custom_recommendation_id, driving_experience_id, family_members_id, car_purpose_id, personal_value_id, recommendation_car_id) VALUES (81, 2, 2, 1, 1, 1);
INSERT INTO custom_recommendation (custom_recommendation_id, driving_experience_id, family_members_id, car_purpose_id, personal_value_id, recommendation_car_id) VALUES (82, 2, 2, 1, 2, 2);
INSERT INTO custom_recommendation (custom_recommendation_id, driving_experience_id, family_members_id, car_purpose_id, personal_value_id, recommendation_car_id) VALUES (83, 2, 2, 1, 3, 3);
INSERT INTO custom_recommendation (custom_recommendation_id, driving_experience_id, family_members_id, car_purpose_id, personal_value_id, recommendation_car_id) VALUES (84, 2, 2, 1, 4, 4);
INSERT INTO custom_recommendation (custom_recommendation_id, driving_experience_id, family_members_id, car_purpose_id, personal_value_id, recommendation_car_id) VALUES (85, 2, 2, 2, 1, 5);
INSERT INTO custom_recommendation (custom_recommendation_id, driving_experience_id, family_members_id, car_purpose_id, personal_value_id, recommendation_car_id) VALUES (86, 2, 2, 2, 2, 1);
INSERT INTO custom_recommendation (custom_recommendation_id, driving_experience_id, family_members_id, car_purpose_id, personal_value_id, recommendation_car_id) VALUES (87, 2, 2, 2, 3, 2);
INSERT INTO custom_recommendation (custom_recommendation_id, driving_experience_id, family_members_id, car_purpose_id, personal_value_id, recommendation_car_id) VALUES (88, 2, 2, 2, 4, 3);
INSERT INTO custom_recommendation (custom_recommendation_id, driving_experience_id, family_members_id, car_purpose_id, personal_value_id, recommendation_car_id) VALUES (89, 2, 2, 3, 1, 4);
INSERT INTO custom_recommendation (custom_recommendation_id, driving_experience_id, family_members_id, car_purpose_id, personal_value_id, recommendation_car_id) VALUES (90, 2, 2, 3, 2, 5);
INSERT INTO custom_recommendation (custom_recommendation_id, driving_experience_id, family_members_id, car_purpose_id, personal_value_id, recommendation_car_id) VALUES (91, 2, 2, 3, 3, 1);
INSERT INTO custom_recommendation (custom_recommendation_id, driving_experience_id, family_members_id, car_purpose_id, personal_value_id, recommendation_car_id) VALUES (92, 2, 2, 3, 4, 2);
INSERT INTO custom_recommendation (custom_recommendation_id, driving_experience_id, family_members_id, car_purpose_id, personal_value_id, recommendation_car_id) VALUES (93, 2, 2, 4, 1, 3);
INSERT INTO custom_recommendation (custom_recommendation_id, driving_experience_id, family_members_id, car_purpose_id, personal_value_id, recommendation_car_id) VALUES (94, 2, 2, 4, 2, 4);
INSERT INTO custom_recommendation (custom_recommendation_id, driving_experience_id, family_members_id, car_purpose_id, personal_value_id, recommendation_car_id) VALUES (95, 2, 2, 4, 3, 5);
INSERT INTO custom_recommendation (custom_recommendation_id, driving_experience_id, family_members_id, car_purpose_id, personal_value_id, recommendation_car_id) VALUES (96, 2, 2, 4, 4, 1);
INSERT INTO custom_recommendation (custom_recommendation_id, driving_experience_id, family_members_id, car_purpose_id, personal_value_id, recommendation_car_id) VALUES (97, 2, 3, 1, 1, 2);
INSERT INTO custom_recommendation (custom_recommendation_id, driving_experience_id, family_members_id, car_purpose_id, personal_value_id, recommendation_car_id) VALUES (98, 2, 3, 1, 2, 3);
INSERT INTO custom_recommendation (custom_recommendation_id, driving_experience_id, family_members_id, car_purpose_id, personal_value_id, recommendation_car_id) VALUES (99, 2, 3, 1, 3, 4);
INSERT INTO custom_recommendation (custom_recommendation_id, driving_experience_id, family_members_id, car_purpose_id, personal_value_id, recommendation_car_id) VALUES (100, 2, 3, 1, 4, 5);
INSERT INTO custom_recommendation (custom_recommendation_id, driving_experience_id, family_members_id, car_purpose_id, personal_value_id, recommendation_car_id) VALUES (101, 2, 3, 2, 1, 1);
INSERT INTO custom_recommendation (custom_recommendation_id, driving_experience_id, family_members_id, car_purpose_id, personal_value_id, recommendation_car_id) VALUES (102, 2, 3, 2, 2, 2);
INSERT INTO custom_recommendation (custom_recommendation_id, driving_experience_id, family_members_id, car_purpose_id, personal_value_id, recommendation_car_id) VALUES (103, 2, 3, 2, 3, 3);
INSERT INTO custom_recommendation (custom_recommendation_id, driving_experience_id, family_members_id, car_purpose_id, personal_value_id, recommendation_car_id) VALUES (104, 2, 3, 2, 4, 4);
INSERT INTO custom_recommendation (custom_recommendation_id, driving_experience_id, family_members_id, car_purpose_id, personal_value_id, recommendation_car_id) VALUES (105, 2, 3, 3, 1, 5);
INSERT INTO custom_recommendation (custom_recommendation_id, driving_experience_id, family_members_id, car_purpose_id, personal_value_id, recommendation_car_id) VALUES (106, 2, 3, 3, 2, 1);
INSERT INTO custom_recommendation (custom_recommendation_id, driving_experience_id, family_members_id, car_purpose_id, personal_value_id, recommendation_car_id) VALUES (107, 2, 3, 3, 3, 2);
INSERT INTO custom_recommendation (custom_recommendation_id, driving_experience_id, family_members_id, car_purpose_id, personal_value_id, recommendation_car_id) VALUES (108, 2, 3, 3, 4, 3);
INSERT INTO custom_recommendation (custom_recommendation_id, driving_experience_id, family_members_id, car_purpose_id, personal_value_id, recommendation_car_id) VALUES (109, 2, 3, 4, 1, 4);
INSERT INTO custom_recommendation (custom_recommendation_id, driving_experience_id, family_members_id, car_purpose_id, personal_value_id, recommendation_car_id) VALUES (110, 2, 3, 4, 2, 5);
INSERT INTO custom_recommendation (custom_recommendation_id, driving_experience_id, family_members_id, car_purpose_id, personal_value_id, recommendation_car_id) VALUES (111, 2, 3, 4, 3, 1);
INSERT INTO custom_recommendation (custom_recommendation_id, driving_experience_id, family_members_id, car_purpose_id, personal_value_id, recommendation_car_id) VALUES (112, 2, 3, 4, 4, 2);
INSERT INTO custom_recommendation (custom_recommendation_id, driving_experience_id, family_members_id, car_purpose_id, personal_value_id, recommendation_car_id) VALUES (113, 2, 4, 1, 1, 3);
INSERT INTO custom_recommendation (custom_recommendation_id, driving_experience_id, family_members_id, car_purpose_id, personal_value_id, recommendation_car_id) VALUES (114, 2, 4, 1, 2, 4);
INSERT INTO custom_recommendation (custom_recommendation_id, driving_experience_id, family_members_id, car_purpose_id, personal_value_id, recommendation_car_id) VALUES (115, 2, 4, 1, 3, 5);
INSERT INTO custom_recommendation (custom_recommendation_id, driving_experience_id, family_members_id, car_purpose_id, personal_value_id, recommendation_car_id) VALUES (116, 2, 4, 1, 4, 1);
INSERT INTO custom_recommendation (custom_recommendation_id, driving_experience_id, family_members_id, car_purpose_id, personal_value_id, recommendation_car_id) VALUES (117, 2, 4, 2, 1, 2);
INSERT INTO custom_recommendation (custom_recommendation_id, driving_experience_id, family_members_id, car_purpose_id, personal_value_id, recommendation_car_id) VALUES (118, 2, 4, 2, 2, 3);
INSERT INTO custom_recommendation (custom_recommendation_id, driving_experience_id, family_members_id, car_purpose_id, personal_value_id, recommendation_car_id) VALUES (119, 2, 4, 2, 3, 4);
INSERT INTO custom_recommendation (custom_recommendation_id, driving_experience_id, family_members_id, car_purpose_id, personal_value_id, recommendation_car_id) VALUES (120, 2, 4, 2, 4, 5);
INSERT INTO custom_recommendation (custom_recommendation_id, driving_experience_id, family_members_id, car_purpose_id, personal_value_id, recommendation_car_id) VALUES (121, 2, 4, 3, 1, 1);
INSERT INTO custom_recommendation (custom_recommendation_id, driving_experience_id, family_members_id, car_purpose_id, personal_value_id, recommendation_car_id) VALUES (122, 2, 4, 3, 2, 2);
INSERT INTO custom_recommendation (custom_recommendation_id, driving_experience_id, family_members_id, car_purpose_id, personal_value_id, recommendation_car_id) VALUES (123, 2, 4, 3, 3, 3);
INSERT INTO custom_recommendation (custom_recommendation_id, driving_experience_id, family_members_id, car_purpose_id, personal_value_id, recommendation_car_id) VALUES (124, 2, 4, 3, 4, 4);
INSERT INTO custom_recommendation (custom_recommendation_id, driving_experience_id, family_members_id, car_purpose_id, personal_value_id, recommendation_car_id) VALUES (125, 2, 4, 4, 1, 5);
INSERT INTO custom_recommendation (custom_recommendation_id, driving_experience_id, family_members_id, car_purpose_id, personal_value_id, recommendation_car_id) VALUES (126, 2, 4, 4, 2, 1);
INSERT INTO custom_recommendation (custom_recommendation_id, driving_experience_id, family_members_id, car_purpose_id, personal_value_id, recommendation_car_id) VALUES (127, 2, 4, 4, 3, 2);
INSERT INTO custom_recommendation (custom_recommendation_id, driving_experience_id, family_members_id, car_purpose_id, personal_value_id, recommendation_car_id) VALUES (128, 2, 4, 4, 4, 3);
INSERT INTO custom_recommendation (custom_recommendation_id, driving_experience_id, family_members_id, car_purpose_id, personal_value_id, recommendation_car_id) VALUES (129, 3, 1, 1, 1, 4);
INSERT INTO custom_recommendation (custom_recommendation_id, driving_experience_id, family_members_id, car_purpose_id, personal_value_id, recommendation_car_id) VALUES (130, 3, 1, 1, 2, 5);
INSERT INTO custom_recommendation (custom_recommendation_id, driving_experience_id, family_members_id, car_purpose_id, personal_value_id, recommendation_car_id) VALUES (131, 3, 1, 1, 3, 1);
INSERT INTO custom_recommendation (custom_recommendation_id, driving_experience_id, family_members_id, car_purpose_id, personal_value_id, recommendation_car_id) VALUES (132, 3, 1, 1, 4, 2);
INSERT INTO custom_recommendation (custom_recommendation_id, driving_experience_id, family_members_id, car_purpose_id, personal_value_id, recommendation_car_id) VALUES (133, 3, 1, 2, 1, 3);
INSERT INTO custom_recommendation (custom_recommendation_id, driving_experience_id, family_members_id, car_purpose_id, personal_value_id, recommendation_car_id) VALUES (134, 3, 1, 2, 2, 4);
INSERT INTO custom_recommendation (custom_recommendation_id, driving_experience_id, family_members_id, car_purpose_id, personal_value_id, recommendation_car_id) VALUES (135, 3, 1, 2, 3, 5);
INSERT INTO custom_recommendation (custom_recommendation_id, driving_experience_id, family_members_id, car_purpose_id, personal_value_id, recommendation_car_id) VALUES (136, 3, 1, 2, 4, 1);
INSERT INTO custom_recommendation (custom_recommendation_id, driving_experience_id, family_members_id, car_purpose_id, personal_value_id, recommendation_car_id) VALUES (137, 3, 1, 3, 1, 2);
INSERT INTO custom_recommendation (custom_recommendation_id, driving_experience_id, family_members_id, car_purpose_id, personal_value_id, recommendation_car_id) VALUES (138, 3, 1, 3, 2, 3);
INSERT INTO custom_recommendation (custom_recommendation_id, driving_experience_id, family_members_id, car_purpose_id, personal_value_id, recommendation_car_id) VALUES (139, 3, 1, 3, 3, 4);
INSERT INTO custom_recommendation (custom_recommendation_id, driving_experience_id, family_members_id, car_purpose_id, personal_value_id, recommendation_car_id) VALUES (140, 3, 1, 3, 4, 5);
INSERT INTO custom_recommendation (custom_recommendation_id, driving_experience_id, family_members_id, car_purpose_id, personal_value_id, recommendation_car_id) VALUES (141, 3, 1, 4, 1, 1);
INSERT INTO custom_recommendation (custom_recommendation_id, driving_experience_id, family_members_id, car_purpose_id, personal_value_id, recommendation_car_id) VALUES (142, 3, 1, 4, 2, 2);
INSERT INTO custom_recommendation (custom_recommendation_id, driving_experience_id, family_members_id, car_purpose_id, personal_value_id, recommendation_car_id) VALUES (143, 3, 1, 4, 3, 3);
INSERT INTO custom_recommendation (custom_recommendation_id, driving_experience_id, family_members_id, car_purpose_id, personal_value_id, recommendation_car_id) VALUES (144, 3, 1, 4, 4, 4);
INSERT INTO custom_recommendation (custom_recommendation_id, driving_experience_id, family_members_id, car_purpose_id, personal_value_id, recommendation_car_id) VALUES (145, 3, 2, 1, 1, 5);
INSERT INTO custom_recommendation (custom_recommendation_id, driving_experience_id, family_members_id, car_purpose_id, personal_value_id, recommendation_car_id) VALUES (146, 3, 2, 1, 2, 1);
INSERT INTO custom_recommendation (custom_recommendation_id, driving_experience_id, family_members_id, car_purpose_id, personal_value_id, recommendation_car_id) VALUES (147, 3, 2, 1, 3, 2);
INSERT INTO custom_recommendation (custom_recommendation_id, driving_experience_id, family_members_id, car_purpose_id, personal_value_id, recommendation_car_id) VALUES (148, 3, 2, 1, 4, 3);
INSERT INTO custom_recommendation (custom_recommendation_id, driving_experience_id, family_members_id, car_purpose_id, personal_value_id, recommendation_car_id) VALUES (149, 3, 2, 2, 1, 4);
INSERT INTO custom_recommendation (custom_recommendation_id, driving_experience_id, family_members_id, car_purpose_id, personal_value_id, recommendation_car_id) VALUES (150, 3, 2, 2, 2, 5);
INSERT INTO custom_recommendation (custom_recommendation_id, driving_experience_id, family_members_id, car_purpose_id, personal_value_id, recommendation_car_id) VALUES (151, 3, 2, 2, 3, 1);
INSERT INTO custom_recommendation (custom_recommendation_id, driving_experience_id, family_members_id, car_purpose_id, personal_value_id, recommendation_car_id) VALUES (152, 3, 2, 2, 4, 2);
INSERT INTO custom_recommendation (custom_recommendation_id, driving_experience_id, family_members_id, car_purpose_id, personal_value_id, recommendation_car_id) VALUES (153, 3, 2, 3, 1, 3);
INSERT INTO custom_recommendation (custom_recommendation_id, driving_experience_id, family_members_id, car_purpose_id, personal_value_id, recommendation_car_id) VALUES (154, 3, 2, 3, 2, 4);
INSERT INTO custom_recommendation (custom_recommendation_id, driving_experience_id, family_members_id, car_purpose_id, personal_value_id, recommendation_car_id) VALUES (155, 3, 2, 3, 3, 5);
INSERT INTO custom_recommendation (custom_recommendation_id, driving_experience_id, family_members_id, car_purpose_id, personal_value_id, recommendation_car_id) VALUES (156, 3, 2, 3, 4, 1);
INSERT INTO custom_recommendation (custom_recommendation_id, driving_experience_id, family_members_id, car_purpose_id, personal_value_id, recommendation_car_id) VALUES (157, 3, 2, 4, 1, 2);
INSERT INTO custom_recommendation (custom_recommendation_id, driving_experience_id, family_members_id, car_purpose_id, personal_value_id, recommendation_car_id) VALUES (158, 3, 2, 4, 2, 3);
INSERT INTO custom_recommendation (custom_recommendation_id, driving_experience_id, family_members_id, car_purpose_id, personal_value_id, recommendation_car_id) VALUES (159, 3, 2, 4, 3, 4);
INSERT INTO custom_recommendation (custom_recommendation_id, driving_experience_id, family_members_id, car_purpose_id, personal_value_id, recommendation_car_id) VALUES (160, 3, 2, 4, 4, 5);
INSERT INTO custom_recommendation (custom_recommendation_id, driving_experience_id, family_members_id, car_purpose_id, personal_value_id, recommendation_car_id) VALUES (161, 3, 3, 1, 1, 1);
INSERT INTO custom_recommendation (custom_recommendation_id, driving_experience_id, family_members_id, car_purpose_id, personal_value_id, recommendation_car_id) VALUES (162, 3, 3, 1, 2, 2);
INSERT INTO custom_recommendation (custom_recommendation_id, driving_experience_id, family_members_id, car_purpose_id, personal_value_id, recommendation_car_id) VALUES (163, 3, 3, 1, 3, 3);
INSERT INTO custom_recommendation (custom_recommendation_id, driving_experience_id, family_members_id, car_purpose_id, personal_value_id, recommendation_car_id) VALUES (164, 3, 3, 1, 4, 4);
INSERT INTO custom_recommendation (custom_recommendation_id, driving_experience_id, family_members_id, car_purpose_id, personal_value_id, recommendation_car_id) VALUES (165, 3, 3, 2, 1, 5);
INSERT INTO custom_recommendation (custom_recommendation_id, driving_experience_id, family_members_id, car_purpose_id, personal_value_id, recommendation_car_id) VALUES (166, 3, 3, 2, 2, 1);
INSERT INTO custom_recommendation (custom_recommendation_id, driving_experience_id, family_members_id, car_purpose_id, personal_value_id, recommendation_car_id) VALUES (167, 3, 3, 2, 3, 2);
INSERT INTO custom_recommendation (custom_recommendation_id, driving_experience_id, family_members_id, car_purpose_id, personal_value_id, recommendation_car_id) VALUES (168, 3, 3, 2, 4, 3);
INSERT INTO custom_recommendation (custom_recommendation_id, driving_experience_id, family_members_id, car_purpose_id, personal_value_id, recommendation_car_id) VALUES (169, 3, 3, 3, 1, 4);
INSERT INTO custom_recommendation (custom_recommendation_id, driving_experience_id, family_members_id, car_purpose_id, personal_value_id, recommendation_car_id) VALUES (170, 3, 3, 3, 2, 5);
INSERT INTO custom_recommendation (custom_recommendation_id, driving_experience_id, family_members_id, car_purpose_id, personal_value_id, recommendation_car_id) VALUES (171, 3, 3, 3, 3, 1);
INSERT INTO custom_recommendation (custom_recommendation_id, driving_experience_id, family_members_id, car_purpose_id, personal_value_id, recommendation_car_id) VALUES (172, 3, 3, 3, 4, 2);
INSERT INTO custom_recommendation (custom_recommendation_id, driving_experience_id, family_members_id, car_purpose_id, personal_value_id, recommendation_car_id) VALUES (173, 3, 3, 4, 1, 3);
INSERT INTO custom_recommendation (custom_recommendation_id, driving_experience_id, family_members_id, car_purpose_id, personal_value_id, recommendation_car_id) VALUES (174, 3, 3, 4, 2, 4);
INSERT INTO custom_recommendation (custom_recommendation_id, driving_experience_id, family_members_id, car_purpose_id, personal_value_id, recommendation_car_id) VALUES (175, 3, 3, 4, 3, 5);
INSERT INTO custom_recommendation (custom_recommendation_id, driving_experience_id, family_members_id, car_purpose_id, personal_value_id, recommendation_car_id) VALUES (176, 3, 3, 4, 4, 1);
INSERT INTO custom_recommendation (custom_recommendation_id, driving_experience_id, family_members_id, car_purpose_id, personal_value_id, recommendation_car_id) VALUES (177, 3, 4, 1, 1, 2);
INSERT INTO custom_recommendation (custom_recommendation_id, driving_experience_id, family_members_id, car_purpose_id, personal_value_id, recommendation_car_id) VALUES (178, 3, 4, 1, 2, 3);
INSERT INTO custom_recommendation (custom_recommendation_id, driving_experience_id, family_members_id, car_purpose_id, personal_value_id, recommendation_car_id) VALUES (179, 3, 4, 1, 3, 4);
INSERT INTO custom_recommendation (custom_recommendation_id, driving_experience_id, family_members_id, car_purpose_id, personal_value_id, recommendation_car_id) VALUES (180, 3, 4, 1, 4, 5);
INSERT INTO custom_recommendation (custom_recommendation_id, driving_experience_id, family_members_id, car_purpose_id, personal_value_id, recommendation_car_id) VALUES (181, 3, 4, 2, 1, 1);
INSERT INTO custom_recommendation (custom_recommendation_id, driving_experience_id, family_members_id, car_purpose_id, personal_value_id, recommendation_car_id) VALUES (182, 3, 4, 2, 2, 2);
INSERT INTO custom_recommendation (custom_recommendation_id, driving_experience_id, family_members_id, car_purpose_id, personal_value_id, recommendation_car_id) VALUES (183, 3, 4, 2, 3, 3);
INSERT INTO custom_recommendation (custom_recommendation_id, driving_experience_id, family_members_id, car_purpose_id, personal_value_id, recommendation_car_id) VALUES (184, 3, 4, 2, 4, 4);
INSERT INTO custom_recommendation (custom_recommendation_id, driving_experience_id, family_members_id, car_purpose_id, personal_value_id, recommendation_car_id) VALUES (185, 3, 4, 3, 1, 5);
INSERT INTO custom_recommendation (custom_recommendation_id, driving_experience_id, family_members_id, car_purpose_id, personal_value_id, recommendation_car_id) VALUES (186, 3, 4, 3, 2, 1);
INSERT INTO custom_recommendation (custom_recommendation_id, driving_experience_id, family_members_id, car_purpose_id, personal_value_id, recommendation_car_id) VALUES (187, 3, 4, 3, 3, 2);
INSERT INTO custom_recommendation (custom_recommendation_id, driving_experience_id, family_members_id, car_purpose_id, personal_value_id, recommendation_car_id) VALUES (188, 3, 4, 3, 4, 3);
INSERT INTO custom_recommendation (custom_recommendation_id, driving_experience_id, family_members_id, car_purpose_id, personal_value_id, recommendation_car_id) VALUES (189, 3, 4, 4, 1, 4);
INSERT INTO custom_recommendation (custom_recommendation_id, driving_experience_id, family_members_id, car_purpose_id, personal_value_id, recommendation_car_id) VALUES (190, 3, 4, 4, 2, 5);
INSERT INTO custom_recommendation (custom_recommendation_id, driving_experience_id, family_members_id, car_purpose_id, personal_value_id, recommendation_car_id) VALUES (191, 3, 4, 4, 3, 1);
INSERT INTO custom_recommendation (custom_recommendation_id, driving_experience_id, family_members_id, car_purpose_id, personal_value_id, recommendation_car_id) VALUES (192, 3, 4, 4, 4, 2);
